major_code,course_number,Preq_major_code,Preq_course_number,concurrently
ACCT,2002,ACCT,2001,0
ACCT,3001,ACCT,2001,0
ACCT,3002,ACCT,3001,0
ACCT,3003,ACCT,3002,0
ACCT,3004,ACCT,2002,0
ACCT,3005,ACCT,3002,0
ACCT,3006,ACCT,302,0
ACCT,4000,ACCT,3002,0
ACCT,4000,MOIS,2101,0
ACCT,4001,ACCT,3005,0
ACCT,4002,ACCT,3006,0
ACCT,4004,ACCT,3002,0
ACCT,4004,FINC,2101,0
ACCT,5211,ENTR,5211,0
ACCT,5301,BADM,5310,0
ACCT,5370,BADM,5310,0
AIAS,5152,AIAS,4101,0
AIAS,5152,AIAS,5151,0
ALWT,3919,ALNG,2103,0
AMST,2096,RHET,1000,0
AMST,4444,JRMC,2203,0
ANTH,2005,RHET,2010,1
ANTH,3080,ANTH,2101,0
ANTH,3104,ANTH,3102,0
ANTH,3105,ANTH,2101,0
ANTH,4107,ANTH,3105,0
ANTH,4107,SOC,3105,0
ANTH,5298,ANTH,5201,0
ANTH,5298,ANTH,5202,0
ANTH,5298,ANTH,5203,0
ANTH,5298,ANTH,5204,0
APLN,5124,APLN,5021,0
APLN,5132,APLN,501,0
APLN,5202,APLN,5201,0
APLN,5202,APLN,5302,0
APLN,5204,APLN,5203,0
APLN,5206,APLN,5205,0
APLN,5210,APLN,5203,0
APLN,5310,APLN,5100,0
APLN,5311,APLN,5302,0
APLN,5312,APLN,5100,0
APLN,5313,APLN,5100,0
APLN,5320,APLN,5301,0
APLN,5321,APLN,5301,0
APLN,5322,APLN,5301,0
APLN,5323,APLN,5301,0
APLN,5330,APLN,5301,0
APLN,5332,APLN,5100,0
APLN,5397,APLN,5100,0
ARCH,1521,ENGR,1005,0
ARCH,2221,ARCH,221,0
ARCH,2221,ARCH,273,0
ARCH,2231,ARCH,2551,0
ARCH,2231,MACT,1121,0
ARCH,2231,PHYS,1011,0
ARCH,2411,MACT,1121,0
ARCH,2551,ARCH,273,0
ARCH,2552,ARCH,234,0
ARCH,2552,ARCH,251,0
ARCH,3311,CENG,4252,0
ARCH,3321,ARCH,2551,0
ARCH,3331,ENGR,2102,0
ARCH,3522,ARCH,3554,0
ARCH,3531,ARCH,268,0
ARCH,3553,ARCH,2211,0
ARCH,3553,ARCH,2552,0
ARCH,3554,ARCH,2231,0
ARCH,3554,ARCH,3553,0
ARCH,3950,ARCH,2551,0
ARCH,4312,ARCH,3311,0
ARCH,4312,ARCH,3321,0
ARCH,4421,ARCH,2552,0
ARCH,4532,ARCH,3531,0
ARCH,4541,ARCH,1521,0
ARCH,4541,ARCH,2551,0
ARCH,4541,DSGN,2201,0
ARCH,4555,ARCH,323,0
ARCH,4555,ARCH,453,0
ARCH,4555,CENG,306,0
ARCH,4557,ARCH,454,0
ARCH,4558,ARCH,456,0
ARCH,4561,ARCH,3311,0
ARCH,4561,ARCH,3554,0
ARCH,4561,ARCH,4421,0
ARCH,4561,ARCH,4532,0
ARCH,4561,ARIC,2205,0
ARCH,4561,CENG,3151,0
ARCH,4562,ARCH,3321,0
ARCH,4562,ARCH,3522,0
ARCH,4562,ARCH,4561,0
ARCH,4562,CENG,3152,0
ARCH,4570,ARCH,4312,0
ARCH,4570,ARCH,4541,0
ARCH,4570,ARCH,4562,0
ARCH,4570,EGPT,2030,0
ARCH,4801,ARCH,4562,0
ARCH,4802,ARCH,4562,0
ARCH,4803,ARCH,4562,0
ARCH,4936,ARCH,420,0
ARCH,4937,ARCH,352,0
ARCH,4938,ARCH,4532,0
ARCH,4939,ARCH,3522,0
ARCH,4951,ARCH,3311,0
ARCH,4980,ARCH,4557,0
ARCH,4981,ARCH,4312,0
ARCH,4981,ARCH,4541,0
ARCH,4981,ARCH,4558,0
ARCH,4981,ARCH,4570,0
ARCH,4981,ARCH,4801,0
ARCH,4981,ARCH,4802,0
ARCH,4981,ARCH,4803,0
ARCH,4981,ARCH,4980,0
ARIC,2096,RHET,1000,0
ARIC,2097,RHET,1000,0
ARIC,2099,RHET,1000,0
ARIC,3098,RHET,1020,0
ARIC,3269,ARIC,2270,0
ARIC,3270,ARIC,2270,0
ARIC,3273,ARIC,2206,0
ARIC,3273,ARIC,2270,0
ARIC,3405,ARIC,2346,0
ARIC,3405,ARIC,3343,0
ARIC,5101,HIST,4221,0
ARIC,5103,ARIC,2101,0
ARIC,5121,ARIC,5122,0
ARIC,5122,ARIC,2270,0
ARIC,5124,ARIC,2270,0
ARIC,5127,ARIC,3268,0
ARIC,5130,ARIC,2101,0
ARIC,5133,ARIC,2346,0
ARIC,5133,ARIC,3343,0
ARIC,5134,HIST,3213,0
ARIC,5134,HIST,3214,0
ARIC,5135,ARIC,3343,0
ARIC,5135,HIST,4220,0
ARIC,5136,ARIC,3355,0
ARIC,5136,ARIC,3356,0
ARIC,5136,HIST,4288,0
ARIC,5240,ARIC,3435,0
ARIC,5241,ARIC,3435,0
ARIC,5242,ARIC,3435,0
ARIC,5243,ARIC,3435,0
ARTV,2202,ARTV,2201,0
ARTV,2203,ARTV,2200,0
ARTV,2206,ARTV,2201,0
ARTV,3115,ARTV,2113,0
ARTV,3311,ARTV,201,0
ARTV,3311,ARTV,202,0
ARTV,3312,ARTV,200,0
ARTV,3316,ARTV,0,0
ARTV,3316,ARTV,213,0
ARTV,4270,ARTV,4269,0
ARTV,4311,ARTV,0,0
ARTV,4312,ARTV,0,0
BADM,3002,BADM,2001,0
BADM,3002,MGMT,3201,0
BADM,3002,MKTG,2101,0
BADM,3003,BADM,2001,0
BADM,3003,MGMT,3201,0
BIOL,2320,PHYS,1011,0
BIOL,2320,PHYS,1012,0
BIOL,3280,CHEM,3006,0
BIOL,3600,BIOL,1011,0
BIOL,3600,BIOL,1012,0
BIOL,3601,BIOL,3600,0
BIOL,3601,CSCE,1101,0
BIOL,4690,BIOL,3600,0
BIOL,4690,BIOL,3601,0
BIOL,4691,BIOL,4690,0
BIOL,4981,BIOL,4980,0
BIOT,5203,BIOT,5201,0
BIOT,5203,BIOT,5202,0
BIOT,5204,BIOT,5203,0
BIOT,5980,SCI,5940,0
BIOT,6206,BIOT,5206,0
CENG,2251,ENGR,1005,0
CENG,2311,MACT,1122,0
CENG,3011,ARCH,3562,0
CENG,3011,ENGR,2122,0
CENG,3111,ENGR,2102,0
CENG,3111,ENGR,2112,1
CENG,3112,ENGR,2102,0
CENG,3151,CENG,3112,0
CENG,3152,CENG,3151,0
CENG,3153,CENG,3111,0
CENG,3211,ENGR,2112,0
CENG,3312,CENG,2311,0
CENG,3511,ENGR,2122,0
CENG,3511,ENGR,3202,1
CENG,4113,CENG,3153,0
CENG,4154,CENG,452,0
CENG,4155,CENG,3153,0
CENG,4157,CENG,3152,0
CENG,4157,CENG,3153,0
CENG,4158,CENG,3152,0
CENG,4158,CENG,3153,0
CENG,4212,CENG,3211,0
CENG,4252,ARCH,2551,0
CENG,4252,ARCH,3331,0
CENG,4252,ARCH,3562,0
CENG,4252,CENG,3112,0
CENG,4252,CENG,3153,0
CENG,4252,CENG,3211,0
CENG,4253,CENG,4252,0
CENG,4313,CENG,311,0
CENG,4313,ENGR,229,0
CENG,4314,CENG,4313,0
CENG,4315,CENG,4314,1
CENG,4351,CENG,3211,0
CENG,4351,ENGR,2104,0
CENG,4352,CENG,4351,0
CENG,4410,ARCH,3562,0
CENG,4410,CENG,3153,0
CENG,4410,ENGR,3222,0
CENG,4420,CENG,4410,0
CENG,4430,CENG,4410,0
CENG,4430,CENG,4440,0
CENG,4440,CENG,4410,0
CENG,4450,CENG,4252,0
CENG,4460,CENG,4420,0
CENG,4470,CENG,4420,1
CENG,4551,CENG,3511,0
CENG,4552,CENG,4313,0
CENG,4553,CENG,4551,1
CENG,4554,CENG,3511,0
CENG,4554,CENG,4410,0
CENG,4556,CENG,471,0
CENG,4557,CENG,481,0
CENG,4980,CENG,3211,0
CENG,4980,CENG,4158,0
CENG,4980,CENG,4314,0
CENG,4980,CENG,4351,0
CENG,4980,CENG,4551,0
CENG,4981,CENG,4410,0
CENG,4981,CENG,4420,0
CENG,4981,CENG,4440,0
CENG,4981,CENG,4460,0
CENG,4981,CENG,4980,0
CENG,5264,CENG,5262,0
CENG,5265,CENG,5262,0
CENG,5266,CENG,5262,0
CENG,5267,CENG,5263,0
CENG,6223,CENG,5121,0
CHEM,1006,CHEM,1005,0
CHEM,1016,CHEM,1015,0
CHEM,2003,CHEM,1005,0
CHEM,2005,CHEM,1006,0
CHEM,2006,CHEM,1006,0
CHEM,2006,CHEM,2016,1
CHEM,2007,CHEM,1006,0
CHEM,2020,CHEM,1005,0
CHEM,3002,CHEM,1006,0
CHEM,3003,CHEM,1005,0
CHEM,3003,MACT,2123,0
CHEM,3004,CHEM,3003,0
CHEM,3004,CHEM,3014,1
CHEM,3004,PHYS,1021,0
CHEM,3005,CHEM,3003,0
CHEM,3005,CSCE,1001,0
CHEM,3006,CHEM,2003,0
CHEM,3009,CHEM,1006,0
CHEM,3010,CHEM,1016,0
CHEM,3010,CHEM,3006,0
CHEM,3011,CHEM,2006,0
CHEM,3011,CHEM,2016,0
CHEM,3013,CHEM,1006,0
CHEM,3013,CHEM,2016,0
CHEM,3013,CHEM,3003,1
CHEM,3014,CHEM,3004,1
CHEM,3014,CHEM,3013,0
CHEM,3015,CHEM,3006,0
CHEM,3016,CHEM,3010,0
CHEM,3018,CHEM,2016,0
CHEM,3020,CHEM,1005,0
CHEM,3025,CHEM,3011,0
CHEM,3025,CHEM,3013,1
CHEM,3522,CHEM,1006,0
CHEM,4003,CHEM,3004,0
CHEM,4003,CHEM,4013,1
CHEM,4003,MACT,2141,0
CHEM,4004,CHEM,3004,0
CHEM,4004,PHYS,2221,1
CHEM,4006,CHEM,3006,0
CHEM,4007,CHEM,1006,0
CHEM,4008,CHEM,3009,0
CHEM,4013,CHEM,3014,0
CHEM,4013,CHEM,4003,1
CHEM,4016,CHEM,3016,0
CHEM,4016,CHEM,4006,0
CHEM,4025,CHEM,3025,0
CHEM,4030,CHEM,4016,0
CHEM,4035,CHEM,4006,0
CHEM,4040,CHEM,3009,0
CHEM,4524,CHEM,3003,0
CHEM,4524,CHEM,3522,0
CHEM,4981,CHEM,4980,0
CHEM,5212,CHEM,5211,0
CHEM,5220,CHEM,5201,0
CHEM,5221,CHEM,5201,0
CHEM,5221,CHEM,5203,0
CHEM,5222,CHEM,5201,0
CHEM,5241,CHEM,5205,0
CHEM,5242,CHEM,5205,0
CHEM,5980,SCI,5940,0
CHEM,6105,CHEM,5204,0
CHEM,6240,NANO,5205,0
CORE,1010,RHET,1010,1
CORE,2099,RHET,1000,0
CORE,2142,RHET,1020,0
CORE,4198,RHET,2010,0
CREL,2096,RHET,1000,0
CREL,2097,RHET,1000,0
CREL,2099,RHET,1000,0
CSCE,1001,MACT,1111,0
CSCE,1101,CSCE,1001,0
CSCE,1101,CSCE,1102,1
CSCE,1102,CSCE,1101,1
CSCE,2202,CSCE,1101,0
CSCE,2202,CSCE,2203,1
CSCE,2202,MACT,2131,0
CSCE,2203,CSCE,2202,1
CSCE,2203,MACT,2131,0
CSCE,2301,CSCE,2302,1
CSCE,2301,PHYS,2211,0
CSCE,2302,CSCE,2301,1
CSCE,2303,CSCE,1101,0
CSCE,2303,CSCE,2301,0
CSCE,2303,ECNG,2101,0
CSCE,2303,PHYS,2211,1
CSCE,2501,CSCE,1101,0
CSCE,3101,CSCE,1001,0
CSCE,3102,CSCE,1101,0
CSCE,3103,CSCE,1101,0
CSCE,3104,CSCE,1101,0
CSCE,3301,CSCE,2301,0
CSCE,3301,CSCE,2303,0
CSCE,3301,CSCE,3302,1
CSCE,3302,CSCE,3301,1
CSCE,3303,CSCE,2301,1
CSCE,3303,PHYS,2211,0
CSCE,3304,CSCE,2301,0
CSCE,3304,CSCE,3303,0
CSCE,3311,CSCE,1101,0
CSCE,3311,PHYS,2211,0
CSCE,3312,CSCE,3313,1
CSCE,3312,PHYS,2211,0
CSCE,3313,CSCE,3312,1
CSCE,3401,CSCE,2303,0
CSCE,3401,CSCE,3402,1
CSCE,3402,CSCE,1101,0
CSCE,3402,CSCE,3301,0
CSCE,3421,CSCE,1001,0
CSCE,3422,CSCE,1101,0
CSCE,3601,CSCE,2202,0
CSCE,3611,PHYS,2211,0
CSCE,3701,CSCE,1101,0
CSCE,4101,CSCE,3104,0
CSCE,4201,MACT,2131,0
CSCE,4301,CSCE,3301,0
CSCE,4301,CSCE,3312,0
CSCE,4301,CSCE,3401,0
CSCE,4301,CSCE,4302,1
CSCE,4302,CSCE,4301,1
CSCE,4313,CSCE,3311,0
CSCE,4314,CSCE,4313,1
CSCE,4411,CSCE,3401,0
CSCE,4421,CSCE,3401,0
CSCE,4501,CSCE,2501,0
CSCE,4502,CSCE,2501,0
CSCE,4502,MOIS,3201,0
CSCE,4503,MOIS,2101,0
CSCE,4602,CSCE,1101,0
CSCE,4602,MACT,2123,0
CSCE,4602,MACT,2132,0
CSCE,4603,CSCE,110,0
CSCE,4604,CSCE,2202,0
CSCE,4621,CSCE,1101,0
CSCE,4621,MACT,2132,0
CSCE,4701,CSCE,3701,0
CSCE,4702,CSCE,3401,0
CSCE,4702,CSCE,3701,0
CSCE,4981,CSCE,4980,0
CSCE,5231,CSCE,3301,0
CSCE,5242,CSCE,5231,0
CSCE,5243,CSCE,5241,0
DSCI,1412,DSCI,1411,0
DSCI,2411,DSCI,1412,0
DSCI,3411,DSCI,1412,0
DSCI,3411,MACT,2132,0
DSCI,3411,MACT,3211,0
DSCI,3413,MACT,4231,0
DSCI,3415,MACT,3223,0
DSCI,4411,DSCI,3415,0
DSCI,4412,DSCI,1412,0
DSCI,4413,MACT,2132,0
DSCI,4413,MACT,3223,0
DSCI,4415,DSCI,3415,0
DSCI,4417,DSCI,4416,0
DSGN,2115,DSGN,2113,0
DSGN,2201,DSGN,2200,0
DSGN,2202,DSGN,2115,0
DSGN,2202,DSGN,2201,0
DSGN,2202,DSGN,2210,0
DSGN,2202,DSGN,2250,0
DSGN,2210,DSGN,2200,0
DSGN,2250,DSGN,2200,0
DSGN,3117,DSGN,2113,0
DSGN,3203,DSGN,2115,0
DSGN,3203,DSGN,2201,0
DSGN,3203,DSGN,2250,0
DSGN,3203,DSGN,3220,0
DSGN,3204,DSGN,2115,0
DSGN,3204,DSGN,2201,0
DSGN,3204,DSGN,2210,0
DSGN,3204,DSGN,2250,0
DSGN,3205,DSGN,2201,0
DSGN,3205,DSGN,2250,0
DSGN,3213,DSGN,3250,0
DSGN,3220,DSGN,2210,0
DSGN,3220,DSGN,2250,0
DSGN,3230,DSGN,3220,0
DSGN,3235,DSGN,3250,0
DSGN,3250,DSGN,2250,0
DSGN,3265,DSGN,2210,0
DSGN,3265,DSGN,2250,0
DSGN,4220,DSGN,2115,0
DSGN,4220,DSGN,2201,0
DSGN,4220,DSGN,2210,0
DSGN,4220,DSGN,2250,0
DSGN,4270,DSGN,4269,0
DSGN,5115,DSGN,2115,0
ECLT,2096,RHET,1000,0
ECLT,2097,RHET,1000,0
ECLT,2099,RHET,1000,0
ECNG,1501,CSCE,1001,0
ECNG,1502,CSCE,1001,0
ECNG,2101,CSCE,1001,0
ECNG,2101,ECNG,2108,1
ECNG,2105,PHYS,1021,0
ECNG,2106,ECNG,2105,0
ECNG,2106,ECNG,2109,1
ECNG,2106,MACT,2141,0
ECNG,2108,ECNG,2101,1
ECNG,2109,ECNG,2106,1
ECNG,3105,ECNG,2106,0
ECNG,3106,ECNG,3105,0
ECNG,3106,ECNG,3109,1
ECNG,3108,ECNG,2101,0
ECNG,3108,ECNG,3105,0
ECNG,3109,ECNG,3106,1
ECNG,3201,ECNG,1502,0
ECNG,3201,ECNG,2106,0
ECNG,3201,MACT,2141,0
ECNG,3202,ECNG,3201,0
ECNG,3401,MACT,2124,0
ECNG,3401,PHYS,2221,0
ECNG,3503,ECNG,2101,0
ECNG,3503,ECNG,3106,0
ECNG,3503,ECNG,3509,1
ECNG,3509,ECNG,3503,1
ECNG,3601,ECNG,2106,0
ECNG,3601,ECNG,3401,0
ECNG,4103,ECNG,2101,0
ECNG,4104,ECNG,3105,0
ECNG,4105,ECNG,3106,0
ECNG,4301,ECNG,3201,0
ECNG,4301,ECNG,4314,1
ECNG,4301,ENGR,3202,0
ECNG,4301,MACT,3224,0
ECNG,4302,ECNG,4301,0
ECNG,4304,ECNG,4310,1
ECNG,4306,ECNG,4301,0
ECNG,4308,ECNG,4301,0
ECNG,4308,ECNG,4306,0
ECNG,4310,ECNG,3401,0
ECNG,4310,ECNG,4304,1
ECNG,4310,PHYS,2221,0
ECNG,4312,ECNG,4302,0
ECNG,4314,ECNG,4301,1
ECNG,4402,CHEM,1005,0
ECNG,4402,ECNG,3401,0
ECNG,4402,ENGR,1005,0
ECNG,4407,ECNG,4402,0
ECNG,4504,ECNG,3503,0
ECNG,4505,ECNG,2101,0
ECNG,4505,ECNG,4508,1
ECNG,4506,ECNG,2101,0
ECNG,4506,ECNG,3202,0
ECNG,4506,MENG,4756,0
ECNG,4508,ECNG,4505,1
ECNG,4981,ECNG,4980,0
ECNG,5214,ECNG,3105,0
ECNG,5216,ECNG,3106,0
ECNG,5217,ECNG,3105,0
ECNG,5217,ECNG,3106,0
ECNG,5218,ECNG,3108,0
ECNG,5219,ECNG,3108,0
ECNG,5223,ECNG,3503,0
ECNG,5225,ECNG,3201,0
ECNG,5226,ECNG,3202,0
ECNG,5226,ECNG,4306,0
ECNG,5230,MACT,3224,0
ECNG,5231,ECNG,4302,0
ECNG,5231,ECNG,5230,0
ECNG,5233,ECNG,4302,0
ECNG,5234,ECNG,5230,0
ECNG,5236,ECNG,4302,0
ECNG,5238,ECNG,4306,0
ECNG,5241,ECNG,4402,0
ECNG,5247,ECNG,5241,0
ECNG,5248,ECNG,5241,0
ECNG,5249,ECNG,5241,0
ECNG,6235,ECNG,5230,0
ECNG,6931,ECNG,5233,0
ECON,1099,RHET,1000,0
ECON,2061,MACT,1111,0
ECON,2081,MACT,2222,0
ECON,3011,ECON,2011,0
ECON,3011,ECON,3061,0
ECON,3021,ECON,2021,0
ECON,3021,ECON,2061,0
ECON,3021,MACT,1122,0
ECON,3041,ECON,2011,0
ECON,3041,ECON,2021,0
ECON,3041,FINC,2101,0
ECON,3053,ECON,2011,0
ECON,3053,ECON,2021,0
ECON,3054,ECON,2011,0
ECON,3054,ECON,2021,0
ECON,3055,ECON,2011,0
ECON,3055,ECON,2021,0
ECON,3061,ECON,2061,0
ECON,3061,MACT,1122,0
ECON,3071,ECON,2011,0
ECON,3071,ECON,2021,0
ECON,3081,ECON,2081,0
ECON,3081,ECON,3061,0
ECON,4012,ECON,2011,0
ECON,4012,ECON,2021,0
ECON,4013,ECON,2011,0
ECON,4014,ECON,2011,0
ECON,4014,ECON,2021,0
ECON,4015,ECON,3081,0
ECON,4031,ECON,3011,0
ECON,4031,ECON,3021,0
ECON,4041,ECON,2081,0
ECON,4041,ECON,3011,0
ECON,4041,FINC,2101,0
ECON,4051,ECON,2021,0
ECON,4061,ECON,3061,0
ECON,4081,ECON,3081,0
ECON,4081,ECON,4082,1
ECON,4082,ECON,4081,1
ECON,4091,ECON,2011,0
ECON,4091,ECON,2021,0
ECON,4094,ECON,2011,0
ECON,4094,ECON,2021,0
ECON,5201,ECON,5211,0
ECON,5201,ECON,5221,0
ECON,5201,ECON,5281,0
ECON,5211,ECON,4061,0
ECON,5213,ECON,3011,0
ECON,5213,ECON,5251,0
ECON,5213,FINC,5201,0
ECON,5215,ECON,3011,0
ECON,5215,FINC,5201,0
ECON,5217,ECON,4061,0
ECON,5217,ECON,5282,0
ECON,5219,ECON,3011,0
ECON,5219,ECON,3021,0
ECON,5219,ECON,5282,0
ECON,5221,ECON,4061,0
ECON,5231,ECON,3011,0
ECON,5231,ECON,3021,0
ECON,5231,ECON,5251,0
ECON,5233,ECON,5221,0
ECON,5241,ECON,4061,0
ECON,5242,ECON,4081,0
ECON,5242,ECON,5241,0
ECON,5254,ECON,3011,0
ECON,5256,ECON,3021,0
ECON,5256,ECON,5251,0
ECON,5257,ECON,3011,0
ECON,5257,ECON,3021,0
ECON,5257,ECON,5251,0
ECON,5257,ECON,5282,0
ECON,5261,ECON,4061,0
ECON,5281,ECON,4081,0
EDUC,3031,EDUC,2011,0
EDUC,3031,EDUC,2021,0
EDUC,5233,EDUC,5201,0
EDUC,5265,EDUC,5204,0
EDUC,5265,EDUC,5238,0
EDUC,5265,PSYC,5205,0
EDUC,5293,EDUC,5201,0
EDUC,5293,EDUC,5202,0
EGPT,2099,RHET,1000,0
EGPT,2252,EGPT,2251,0
EGPT,3201,EGPT,2020,0
EGPT,3202,EGPT,2020,0
EGPT,5110,EGPT,3211,0
EGPT,5110,EGPT,3212,0
EGPT,5120,EGPT,3211,0
EGPT,5120,EGPT,3212,0
EGPT,5130,EGPT,3211,0
EGPT,5130,EGPT,5120,0
EGPT,5150,EGPT,2252,0
EGPT,5151,EGPT,2252,0
EGPT,5152,EGPT,2252,0
EGPT,5153,EGPT,5151,0
EGPT,5510,EGPT,5152,0
EGPT,5530,EGPT,2251,0
EGPT,5530,EGPT,2252,0
EGPT,5550,EGPT,2251,0
EGPT,5550,EGPT,2252,0
EGPT,5550,EGPT,5151,0
EGPT,5550,EGPT,5153,0
EGPT,5560,EGPT,2251,0
EGPT,5560,EGPT,2252,0
EGPT,5560,EGPT,5151,0
EGPT,5560,EGPT,5153,0
ENGR,2102,MACT,1122,0
ENGR,2102,PHYS,1011,0
ENGR,2104,ENGR,2102,0
ENGR,2104,MACT,2123,0
ENGR,2112,ENGR,2102,0
ENGR,2122,ENGR,2104,0
ENGR,2122,PHYS,1021,0
ENGR,3202,CSCE,1001,0
ENGR,3202,MACT,2141,0
ENGR,3212,MACT,2123,0
ENGR,3212,PHYS,1021,0
ENGR,3222,MACT,1122,0
ENGR,3322,PHYS,1011,0
ENTR,4102,BADM,2001,0
ENTR,4102,MGMT,3201,0
ENTR,4301,ENTR,303,0
ENTR,4301,ENTR,413,0
ENTR,4301,FINC,303,0
ENTR,4301,MKTG,302,0
ENTR,4302,ENTR,413,0
ENTR,4303,ENTR,4102,0
ENTR,4501,ENTR,413,0
ENTR,4502,ENTR,413,0
ENTR,4503,ENTR,4102,0
ENTR,5202,ENTR,5201,0
ENTR,5211,ACCT,5211,0
ENVE,5980,ENGR,5940,0
FILM,2099,RHET,1000,0
FILM,2122,FILM,2120,0
FILM,2123,FILM,2121,0
FILM,3041,ANTH,2101,0
FILM,3130,FILM,2122,0
FILM,3140,FILM,2120,0
FILM,3252,FILM,2123,0
FILM,3253,FILM,352,0
FILM,3254,FILM,3253,0
FILM,3306,FILM,2123,0
FILM,3306,MUSC,2301,0
FILM,3352,FILM,2122,0
FILM,3354,FILM,2120,0
FILM,3402,FILM,344,0
FILM,4201,FILM,344,0
FILM,4250,FILM,3254,0
FILM,4250,MUSC,3306,0
FILM,4350,FILM,3130,0
FINC,2101,ACCT,2001,0
FINC,2101,ECON,2011,0
FINC,2101,ECON,2021,0
FINC,2101,ENGR,3222,0
FINC,2101,MACT,1221,0
FINC,2101,MACT,2222,0
FINC,2101,MACT,3224,0
FINC,2101,PSYC,2000,0
FINC,2101,SOC,3103,0
FINC,3201,FINC,2101,0
FINC,3401,FINC,2101,0
FINC,3501,FINC,2101,0
FINC,4202,FINC,2101,0
FINC,4203,FINC,3201,0
FINC,4204,FINC,3201,0
FINC,4301,FINC,3201,0
FINC,4302,FINC,414,0
FINC,4970,FINC,3201,0
FINC,5202,ACCT,5201,0
FINC,5203,ACCT,5201,0
FINC,5203,FINC,5202,0
FINC,5204,ACCT,5201,0
FINC,5204,FINC,5202,0
FINC,5211,OPMG,5211,0
FINC,5311,ACCT,5201,0
FINC,5311,FINC,5202,0
FINC,5312,ACCT,5201,0
FINC,5312,FINC,5202,0
FINC,5313,ACCT,5201,0
FINC,5313,FINC,5202,0
FINC,5313,FINC,5203,0
FINC,5314,ACCT,5201,0
FINC,5314,FINC,5202,0
FINC,5315,ACCT,5201,0
FINC,5315,FINC,5202,0
FINC,5320,FINC,5202,0
FINC,5331,ACCT,5201,0
FINC,5331,FINC,5202,0
FINC,5333,ACCT,5201,0
FINC,5333,FINC,5201,0
FINC,5333,FINC,5202,0
FINC,5333,MGMT,5202,0
FINC,5333,MGMT,5307,0
FINC,5333,MKTG,5201,0
FINC,5333,MOIS,5201,0
FINC,5333,OPMG,5201,0
FINC,5333,OPMG,5202,0
FINC,5352,ACCT,5201,0
FINC,5352,FINC,5202,0
FINC,5353,ACCT,5201,0
FINC,5353,FINC,5202,0
FINC,5370,ACCT,5201,0
FINC,5370,FINC,5202,0
GREN,5204,MGMT,5307,0
GREN,5224,ACCT,5201,0
GWST,5205,GWST,5100,0
HIST,2096,RHET,1000,0
HIST,2097,RHET,1000,0
HIST,2099,RHET,1000,0
HIST,2902,HIST,2901,0
HIST,3105,HIST,1102,0
HIST,3903,HIST,2901,0
HIST,3903,HIST,2902,0
HIST,3904,HIST,2901,0
HIST,3904,HIST,2902,0
HIST,4000,HIST,4801,0
HIST,4000,HIST,4802,0
HIST,4219,HIST,3213,0
HIST,4219,HIST,3214,0
HIST,4802,HIST,4801,0
INTB,3501,FINC,2101,0
INTB,4601,MKTG,2101,0
JRMC,2202,JRMC,2201,0
JRMC,2208,JRMC,2200,0
JRMC,2280,JRMC,2202,0
JRMC,2299,RHET,1000,0
JRMC,3301,JRMC,2202,0
JRMC,3305,JRMC,2201,0
JRMC,3307,JRMC,201,0
JRMC,3312,JRMC,2202,0
JRMC,3315,JRMC,2202,0
JRMC,3330,JRMC,2230,0
JRMC,3333,JRMC,3312,0
JRMC,3337,JRMC,2202,0
JRMC,3339,JRMC,2202,0
JRMC,3355,JRMC,3305,0
JRMC,3355,JRMC,3315,0
JRMC,3366,ENTR,0,0
JRMC,3380,JRMC,203,0
JRMC,3390,JRMC,2200,0
JRMC,4402,JRMC,2202,0
JRMC,4403,JRMC,2202,0
JRMC,4405,JRMC,3305,0
JRMC,4412,JRMC,3312,0
JRMC,4415,JRMC,2202,0
JRMC,4415,JRMC,3315,0
JRMC,4425,JRMC,3315,0
JRMC,4425,JRMC,3320,0
JRMC,4425,JRMC,4415,0
JRMC,4430,JRMC,315,0
JRMC,4441,JRMC,2202,0
JRMC,4444,JRMC,2202,0
JRMC,4460,JRMC,2202,0
JRMC,4471,JRMC,2202,0
JRMC,4480,JRMC,3333,0
JRMC,4480,JRMC,3339,0
JRMC,4480,JRMC,4460,0
JRMC,4482,JRMC,3320,0
JRMC,4482,JRMC,4420,0
JRMC,4482,JRMC,4444,0
JRMC,5201,JRMC,2201,0
JRMC,5201,JRMC,3301,0
JRMC,5240,JRMC,5201,0
LAW,5201,LAW,5200,0
LAW,5205,LAW,5202,0
LAW,5205,LAW,5209,0
LAW,5207,LAW,5209,0
LAW,5207,LAW,5210,0
LAW,5208,LAW,5209,0
LAW,5208,LAW,5210,0
LAW,5211,LAW,5209,0
LAW,5211,LAW,5210,0
LAW,5214,LAW,5209,0
LAW,5214,LAW,5210,0
LAW,5216,LAW,5209,0
LAW,5216,LAW,5210,0
LAW,5218,LAW,5209,0
LAW,5218,LAW,5210,0
LAW,5219,LAW,5209,0
LAW,5219,LAW,5210,0
LAW,5223,LAW,5202,0
LAW,5223,LAW,5209,0
LAW,5224,LAW,5202,0
LAW,5225,LAW,5202,0
LAW,5226,LAW,5202,0
LAW,5228,LAW,5209,0
LAW,5228,LAW,5210,0
LING,2210,RHET,2010,0
LING,2299,RHET,1000,0
LING,3310,LING,2200,0
LING,3320,LING,252,0
LING,3330,LING,252,0
LING,4410,CSCE,110,0
LING,4410,LING,0,0
LING,4410,LING,252,0
MACT,1121,MACT,1111,0
MACT,1122,MACT,1121,0
MACT,2123,MACT,1122,0
MACT,2124,MACT,2123,0
MACT,2131,MACT,1121,1
MACT,2132,MACT,2123,0
MACT,2141,MACT,2123,0
MACT,2146,MACT,1122,0
MACT,2146,MACT,2132,0
MACT,3133,MACT,2131,0
MACT,3133,PHIL,2010,0
MACT,3142,MACT,2141,0
MACT,3143,CSCE,1001,0
MACT,3143,MACT,2132,1
MACT,3143,MACT,2141,0
MACT,3146,MACT,2146,0
MACT,3211,MACT,2123,1
MACT,3223,MACT,3211,0
MACT,3224,MACT,231,1
MACT,3311,MACT,2123,1
MACT,4125,MACT,2124,0
MACT,4126,MACT,2124,0
MACT,4126,MACT,2131,0
MACT,4127,MACT,4126,0
MACT,4134,MACT,2131,0
MACT,4134,MACT,2132,0
MACT,4135,MACT,2131,0
MACT,4135,MACT,3211,0
MACT,4135,MACT,3224,0
MACT,4212,MACT,2132,0
MACT,4212,MACT,2141,0
MACT,4212,MACT,3211,0
MACT,4212,MACT,3224,0
MACT,4213,MACT,2132,0
MACT,4213,MACT,4212,0
MACT,4231,ECON,2081,0
MACT,4231,MACT,2132,0
MACT,4231,MACT,3223,0
MACT,4231,MACT,3224,0
MACT,4232,ECON,3081,0
MACT,4232,MACT,4231,0
MACT,4233,MACT,2132,0
MACT,4233,MACT,3223,0
MACT,4233,MACT,3224,0
MACT,4312,MACT,3311,0
MACT,4313,MACT,4212,0
MACT,4313,MACT,4312,0
MACT,4314,FINC,3201,0
MACT,4321,MACT,3211,0
MACT,4321,MACT,3311,0
MACT,4322,MACT,4212,0
MACT,4322,MACT,4321,0
MACT,4331,MACT,306,0
MACT,4332,MACT,307,0
MACT,4332,MACT,407,0
MENG,2112,ENGR,2102,0
MENG,2505,ENGR,1001,0
MENG,2505,ENGR,1005,0
MENG,3207,CHEM,1005,0
MENG,3207,ENGR,2112,0
MENG,3209,MENG,3207,0
MENG,3217,ENGR,2102,0
MENG,3217,ENGR,2104,0
MENG,3217,MENG,327,1
MENG,3217,MENG,2112,0
MENG,3402,ENGR,3202,0
MENG,3402,MACT,3224,0
MENG,3446,ENGR,3222,0
MENG,3446,MACT,3224,0
MENG,3502,ENGR,2104,0
MENG,3502,ENGR,3202,0
MENG,3505,ENGR,2112,0
MENG,3505,ENGR,3202,1
MENG,3505,MENG,2505,0
MENG,3506,ENGR,2104,0
MENG,3506,MENG,2505,0
MENG,3506,MENG,3209,1
MENG,3601,CHEM,1005,0
MENG,3601,CHEM,1015,0
MENG,3601,ENGR,2122,0
MENG,3602,MENG,3601,0
MENG,3605,MENG,3601,0
MENG,3705,MENG,3502,0
MENG,3705,PHYS,2211,0
MENG,3705,PHYS,2212,0
MENG,4208,MENG,3209,0
MENG,4208,MENG,3506,0
MENG,4221,MENG,3209,0
MENG,4225,MENG,3209,0
MENG,4226,MENG,3209,0
MENG,4227,MENG,3209,0
MENG,4229,MENG,3209,0
MENG,4232,MENG,3209,0
MENG,4239,MENG,3209,0
MENG,4239,PHYS,2211,0
MENG,4440,ENGR,3202,0
MENG,4441,MACT,3224,0
MENG,4441,MENG,4440,0
MENG,4442,MENG,3402,0
MENG,4443,MENG,3402,0
MENG,4444,MENG,3209,0
MENG,4445,ENGR,3202,0
MENG,4445,ENGR,3222,0
MENG,4448,MENG,4440,0
MENG,4449,ENGR,3222,0
MENG,4477,MENG,3209,0
MENG,4507,MENG,3502,0
MENG,4507,MENG,3506,0
MENG,4551,MENG,2505,0
MENG,4551,MENG,3506,0
MENG,4553,ENGR,3202,0
MENG,4553,MENG,3505,0
MENG,4554,MENG,4553,0
MENG,4555,MENG,3705,0
MENG,4558,MENG,3209,0
MENG,4558,MENG,3506,0
MENG,4565,MENG,3506,0
MENG,4606,ENGR,3202,0
MENG,4606,MENG,3602,0
MENG,4661,MENG,3602,0
MENG,4662,MENG,3605,0
MENG,4662,MENG,4606,0
MENG,4663,MENG,3605,0
MENG,4663,MENG,4606,0
MENG,4665,MENG,3602,0
MENG,4665,MENG,3605,0
MENG,4666,MENG,3605,0
MENG,4666,MENG,4606,0
MENG,4667,MENG,3605,0
MENG,4667,MENG,4606,0
MENG,4756,MENG,3705,0
MENG,4757,ENGR,2104,0
MENG,4778,PHYS,2211,0
MENG,4779,MENG,3705,1
MENG,4932,MENG,3209,0
MENG,4980,MENG,3446,0
MENG,4980,MENG,3605,0
MENG,4980,MENG,3705,0
MENG,4981,MENG,4980,0
MENG,5981,ENGR,5940,0
MENG,6255,MENG,3505,0
MENG,6262,MENG,3602,0
MENG,6262,MENG,4606,0
MGMT,3301,BADM,203,0
MGMT,3301,MGMT,307,0
MGMT,4202,BADM,2001,0
MGMT,4202,MGMT,3201,0
MGMT,4203,MGMT,3201,0
MGMT,4402,BADM,2001,0
MGMT,5303,MGMT,5202,0
MGMT,5304,BADM,5310,0
MGMT,5306,BADM,5310,0
MGMT,5308,BADM,5310,0
MGMT,5370,BADM,5310,0
MKTG,3201,MACT,1221,0
MKTG,3201,MACT,2222,0
MKTG,3201,MACT,3224,0
MKTG,3201,MKTG,2101,0
MKTG,3202,MKTG,2101,0
MKTG,3301,MKTG,2101,0
MKTG,4203,MKTG,3201,0
MKTG,4302,MKTG,2101,0
MKTG,4303,MKTG,2101,0
MKTG,4401,MKTG,2101,0
MKTG,4501,MKTG,2101,0
MKTG,4601,MKTG,2101,0
MKTG,4602,FINC,2101,0
MKTG,4602,MKTG,3201,0
MKTG,4602,MKTG,3202,0
MKTG,4970,MKTG,2101,0
MKTG,5301,BADM,5310,0
MKTG,5304,BADM,5310,0
MKTG,5305,BADM,5310,0
MKTG,5306,BADM,5310,0
MKTG,5307,BADM,5310,0
MKTG,5370,BADM,5310,0
MOIS,3201,MOIS,2101,0
MOIS,3301,MOIS,2101,0
MOIS,3401,MOIS,2101,0
MOIS,3501,MOIS,2101,0
MOIS,3601,MOIS,2101,0
MOIS,3701,MOIS,2101,0
MOIS,3702,MOIS,2101,0
MOIS,3703,MOIS,2101,0
MOIS,3801,MOIS,2101,0
MOIS,4202,MOIS,3201,0
MOIS,4704,CSCE,1101,0
MOIS,4704,MACT,2222,0
MOIS,4704,MOIS,3201,0
MOIS,5202,MOIS,5211,0
MOIS,5211,MOIS,5202,0
MOIS,5301,BADM,5310,0
MOIS,5302,BADM,5310,0
MOIS,5303,BADM,5310,0
MOIS,5304,MOIS,3201,0
MOIS,5304,OPMG,5201,0
MOIS,5305,BADM,5310,0
MOIS,5370,BADM,5310,0
MUSC,1800,MUSC,1805,1
MUSC,2099,RHET,1000,0
MUSC,2303,MUSC,2300,0
MUSC,2303,MUSC,2301,0
MUSC,2400,MUSC,1800,0
MUSC,2400,MUSC,1805,0
MUSC,2400,MUSC,2200,0
MUSC,2400,MUSC,2401,1
MUSC,2401,MUSC,2400,1
MUSC,2450,MUSC,1800,0
MUSC,2450,MUSC,1805,0
MUSC,2450,MUSC,2200,0
MUSC,2450,MUSC,2451,1
MUSC,2451,MUSC,1800,0
MUSC,2451,MUSC,1805,0
MUSC,2451,MUSC,2200,0
MUSC,2451,MUSC,2450,1
MUSC,2850,MUSC,1805,1
MUSC,3110,MUSC,1800,0
MUSC,3150,MUSC,2200,0
MUSC,3200,MUSC,2200,0
MUSC,3200,MUSC,2400,0
MUSC,3250,MUSC,2200,0
MUSC,3304,MUSC,2200,0
MUSC,3304,MUSC,2300,0
MUSC,3304,MUSC,2301,0
MUSC,3305,MUSC,2200,0
MUSC,3305,MUSC,2300,0
MUSC,3306,MUSC,2301,0
MUSC,3308,MUSC,2300,0
MUSC,3400,MUSC,2400,0
MUSC,3400,MUSC,2401,0
MUSC,3400,MUSC,3401,1
MUSC,3401,MUSC,2400,0
MUSC,3401,MUSC,2401,0
MUSC,3401,MUSC,3400,1
MUSC,3450,MUSC,2450,0
MUSC,3450,MUSC,2451,0
MUSC,3451,MUSC,2450,0
MUSC,3451,MUSC,2451,0
MUSC,3451,MUSC,3450,1
MUSC,3520,MUSC,1800,0
MUSC,3520,MUSC,1805,0
MUSC,3520,MUSC,2200,0
MUSC,4308,MUSC,2300,0
MUSC,4308,MUSC,2301,0
MUSC,4309,MUSC,2200,0
MUSC,4309,MUSC,2300,0
MUSC,4309,MUSC,2301,0
MUSC,4400,MUSC,3400,0
MUSC,4400,MUSC,3401,0
MUSC,4400,MUSC,4401,1
MUSC,4401,MUSC,3400,0
MUSC,4401,MUSC,3401,0
MUSC,4401,MUSC,4400,1
MUSC,4800,MUSC,1800,0
MUSC,4980,MUSC,4802,0
NANO,5210,PHYS,4042,0
NANO,5241,NANO,5205,0
NANO,5242,NANO,5205,0
NANO,5980,SCI,5940,0
NANO,6240,NANO,5205,0
OPMG,2101,ECON,2061,0
OPMG,2101,MACT,1112,0
OPMG,3201,ECON,2061,0
OPMG,3201,MACT,1221,0
OPMG,3201,MACT,2222,0
OPMG,4102,OPMG,4202,0
OPMG,4202,OPMG,3201,0
OPMG,4203,OPMG,3201,0
OPMG,4204,OPMG,3201,0
OPMG,4301,OPMG,3201,0
OPMG,5202,OPMG,5201,0
OPMG,5211,FINC,5211,0
OPMG,5301,BADM,5310,0
OPMG,5302,BADM,5310,0
OPMG,5303,BADM,5310,0
OPMG,5305,BADM,5310,0
OPMG,5306,BADM,5310,0
OPMG,5370,BADM,5310,0
PENG,2011,CHEM,1005,0
PENG,2012,PENG,2011,1
PENG,2013,ENGR,1001,0
PENG,2411,MACT,2123,0
PENG,2411,PHYS,1021,0
PENG,2415,CHEM,1005,0
PENG,2415,ENGR,2122,1
PENG,3011,SCI,2005,0
PENG,3021,PENG,3022,1
PENG,3021,PENG,3211,0
PENG,3021,SCI,2005,0
PENG,3022,PENG,3021,1
PENG,3022,PENG,3211,0
PENG,3111,ENGR,2122,1
PENG,3111,PENG,3021,0
PENG,3112,PENG,3111,1
PENG,3211,PENG,2013,0
PENG,3215,PENG,3021,0
PENG,3215,PENG,3211,0
PENG,3225,PENG,3215,0
PENG,3227,PENG,3011,0
PENG,3227,PENG,3021,0
PENG,3310,PENG,3111,0
PENG,3321,PENG,3311,0
PENG,3321,PENG,3411,0
PENG,3411,CHEM,1005,0
PENG,3411,ENGR,2122,0
PENG,3413,PENG,3411,0
PENG,3413,PHYS,1011,0
PENG,3415,ENGR,2122,0
PENG,3415,PENG,3413,0
PENG,3420,CHEM,1005,0
PENG,3420,PENG,2415,0
PENG,3420,PENG,3411,0
PENG,3421,PENG,2411,0
PENG,3421,PENG,3420,0
PENG,4015,PENG,3011,0
PENG,4121,PENG,3111,0
PENG,4121,PENG,3310,1
PENG,4123,PENG,4121,0
PENG,4125,PENG,4121,0
PENG,4223,ENGR,3202,0
PENG,4223,PENG,4224,0
PENG,4224,PENG,3215,0
PENG,4225,PENG,3215,0
PENG,4226,ENGR,3222,0
PENG,4226,PENG,3311,0
PENG,4227,PENG,3215,0
PENG,4227,PENG,3227,0
PENG,4229,PENG,3215,0
PENG,4229,PENG,3227,0
PENG,4313,PENG,3311,0
PENG,4320,PENG,3311,0
PENG,4323,PENG,3420,0
PENG,4325,PENG,3227,0
PENG,4325,PENG,3311,0
PENG,4421,PENG,3415,0
PENG,4421,PENG,3421,0
PENG,4422,PENG,4421,0
PENG,4423,PENG,2411,0
PENG,4423,PENG,3415,0
PENG,4423,PENG,3420,0
PENG,4425,PENG,3415,0
PENG,4427,PENG,3413,0
PENG,4427,PENG,3420,0
PENG,4428,PENG,2411,0
PENG,4428,PENG,3415,0
PENG,4428,PENG,3420,0
PENG,4429,PENG,3415,0
PENG,4429,PENG,4421,0
PENG,4525,CHEM,3003,0
PENG,4525,CHEM,3522,0
PENG,4525,PENG,4511,0
PENG,4981,PENG,4980,0
PENG,5254,ENGR,5940,0
PHDE,6216,ENGR,5204,0
PHDE,6291,CSCE,5940,0
PHDE,6291,ENGR,5940,0
PHDE,6291,SCI,5940,0
PHDS,6291,CSCE,5940,0
PHDS,6291,ENGR,5940,0
PHDS,6291,SCI,5940,0
PHIL,2100,RHET,1100,1
PHIL,3015,HIST,2203,0
PHIL,3015,HIST,3210,0
PHIL,5112,PHIL,3010,0
PHIL,5150,FILM,3130,0
PHYS,1011,MACT,1121,0
PHYS,1012,PHYS,1011,1
PHYS,1021,MACT,1122,0
PHYS,1021,PHYS,1011,0
PHYS,1021,PHYS,1012,0
PHYS,1021,PHYS,1022,1
PHYS,1022,PHYS,1021,1
PHYS,2041,MACT,2141,0
PHYS,2041,PHYS,1021,0
PHYS,2042,PHYS,2041,1
PHYS,2211,PHYS,1021,0
PHYS,2212,PHYS,2211,1
PHYS,2213,PHYS,2211,1
PHYS,2221,PHYS,1021,0
PHYS,2221,PHYS,2222,1
PHYS,2222,PHYS,2221,1
PHYS,3013,MACT,233,0
PHYS,3023,MACT,2124,0
PHYS,3023,PHYS,2221,0
PHYS,3031,PHYS,4042,1
PHYS,3052,PHYS,2041,1
PHYS,3071,MACT,2132,0
PHYS,3071,PHYS,3023,0
PHYS,3223,PHYS,2221,0
PHYS,3223,PHYS,2222,0
PHYS,3232,PHYS,4231,0
PHYS,3241,CSCE,106,0
PHYS,3241,MACT,233,0
PHYS,3241,MACT,240,0
PHYS,4042,MACT,2132,0
PHYS,4042,PHYS,2041,0
PHYS,4042,PHYS,3013,0
PHYS,4043,PHYS,4042,0
PHYS,4051,PHYS,4042,0
PHYS,4224,PHYS,2221,0
PHYS,4225,PHYS,2222,0
PHYS,4231,PHYS,3031,0
PHYS,4233,PHYS,4231,0
PHYS,4234,PHYS,2211,0
PHYS,4234,PHYS,2212,0
PHYS,4241,PHYS,2041,0
PHYS,4241,PHYS,2211,0
PHYS,4241,PHYS,2221,0
PHYS,4242,PHYS,2041,0
PHYS,4242,PHYS,2211,0
PHYS,4242,PHYS,2221,0
PHYS,4243,PHYS,2041,0
PHYS,4243,PHYS,2211,0
PHYS,4243,PHYS,2221,0
PHYS,4244,PHYS,2041,0
PHYS,4244,PHYS,2211,0
PHYS,4244,PHYS,2221,0
PHYS,4981,PHYS,4980,0
PHYS,5013,PHYS,3013,0
PHYS,5023,PHYS,3023,0
PHYS,5023,PHYS,5061,0
PHYS,5024,PHYS,502,0
PHYS,5032,PHYS,3031,0
PHYS,5043,PHYS,4042,0
PHYS,5061,MACT,2141,0
PHYS,5235,PHYS,4231,0
PHYS,5236,PHYS,2211,0
PHYS,5236,PHYS,4231,0
PHYS,5237,PHYS,5235,0
PHYS,5242,MACT,2141,0
PHYS,5242,MACT,3143,0
PHYS,5282,PHYS,3052,0
PHYS,5282,PHYS,3232,0
PHYS,5282,PHYS,4234,0
PHYS,6025,PHYS,5023,0
PHYS,6225,PHYS,4224,0
PHYS,6243,PHYS,5023,0
PHYS,6243,PHYS,5242,0
POLS,1001,ENGL,210,0
POLS,2003,ENGL,210,0
POLS,2096,RHET,1010,0
POLS,2104,POLS,1001,0
POLS,2104,POLS,2003,0
POLS,2104,RHET,1010,0
POLS,2405,RHET,1010,0
POLS,3201,POLS,1001,0
POLS,3201,POLS,2003,0
POLS,3201,RHET,1020,0
POLS,3202,POLS,1001,0
POLS,3202,POLS,2003,0
POLS,3202,RHET,1020,0
POLS,3401,POLS,1001,0
POLS,3401,POLS,2003,0
POLS,3401,RHET,1010,0
POLS,3408,POLS,1001,0
POLS,3408,POLS,2003,0
POLS,3408,RHET,1020,0
POLS,3454,POLS,1001,0
POLS,3454,POLS,2003,0
POLS,3454,RHET,1020,0
POLS,3510,POLS,1001,0
POLS,3510,POLS,2003,0
POLS,3510,RHET,1020,0
POLS,3550,ECON,2021,0
POLS,3550,POLS,1001,0
POLS,3550,POLS,2003,0
POLS,3550,RHET,1010,0
POLS,3620,POLS,1001,0
POLS,3620,POLS,2003,0
POLS,3620,POLS,2405,0
POLS,3620,RHET,1010,0
POLS,4000,POLS,3201,0
POLS,4000,POLS,3202,0
POLS,4000,RHET,1020,0
POLS,4018,RHET,1020,0
POLS,4030,RHET,1020,0
POLS,4033,POLS,1001,0
POLS,4033,POLS,2003,0
POLS,4033,RHET,1020,0
POLS,4099,POLS,4000,0
POLS,4099,POLS,4104,0
POLS,4099,RHET,1020,0
POLS,4104,POLS,3201,0
POLS,4104,POLS,3202,0
POLS,4104,RHET,1020,0
POLS,4216,RHET,1020,0
POLS,4217,POLS,3620,0
POLS,4217,RHET,1020,0
POLS,4226,RHET,1020,0
POLS,4371,POLS,3620,0
POLS,4371,RHET,1020,0
POLS,4372,POLS,4371,0
POLS,4372,RHET,1020,0
POLS,4373,RHET,1020,0
POLS,4374,POLS,4371,0
POLS,4374,RHET,1020,0
POLS,4375,RHET,1020,0
POLS,4377,POLS,3510,0
POLS,4377,POLS,4371,0
POLS,4377,RHET,1020,0
POLS,4378,RHET,1020,0
POLS,4403,POLS,1001,0
POLS,4403,POLS,2003,0
POLS,4403,POLS,3401,0
POLS,4403,RHET,1020,0
POLS,4405,POLS,1001,0
POLS,4405,POLS,2003,0
POLS,4405,POLS,3401,0
POLS,4405,RHET,1020,0
POLS,4420,POLS,3401,0
POLS,4420,RHET,1020,0
POLS,4422,POLS,3401,0
POLS,4422,RHET,1020,0
POLS,4423,POLS,1001,0
POLS,4423,POLS,2003,0
POLS,4423,POLS,3401,0
POLS,4423,RHET,1020,0
POLS,4424,POLS,1001,0
POLS,4424,POLS,2003,0
POLS,4424,POLS,3401,0
POLS,4424,RHET,1020,0
POLS,4425,POLS,1001,0
POLS,4425,POLS,2003,0
POLS,4425,POLS,3401,0
POLS,4425,RHET,1020,0
POLS,4432,POLS,3401,0
POLS,4432,RHET,1020,0
POLS,4435,POLS,3401,0
POLS,4435,RHET,1020,0
POLS,4437,POLS,1001,0
POLS,4437,POLS,2003,0
POLS,4437,POLS,3401,0
POLS,4437,RHET,1020,0
POLS,4438,POLS,3401,0
POLS,4438,RHET,1020,0
POLS,4439,POLS,1001,0
POLS,4439,POLS,2003,0
POLS,4439,POLS,3401,0
POLS,4439,RHET,1020,0
POLS,4444,POLS,1001,0
POLS,4444,POLS,2003,0
POLS,4444,POLS,3401,0
POLS,4444,RHET,1020,0
POLS,4470,RHET,1020,0
POLS,4480,POLS,3401,0
POLS,4480,RHET,1020,0
POLS,4481,POLS,3620,0
POLS,4481,RHET,1020,0
POLS,4502,POLS,3510,0
POLS,4502,POLS,3550,0
POLS,4502,RHET,1020,0
POLS,4513,ECON,2021,0
POLS,4513,POLS,3550,0
POLS,4513,POLS,3620,0
POLS,4513,RHET,1020,0
POLS,4523,POLS,3510,0
POLS,4523,POLS,3550,0
POLS,4523,RHET,1020,0
POLS,4525,POLS,3550,0
POLS,4525,POLS,3620,0
POLS,4525,RHET,1020,0
POLS,4526,POLS,3510,0
POLS,4526,POLS,3550,0
POLS,4526,RHET,1020,0
POLS,4542,POLS,3550,0
POLS,4542,RHET,1020,0
POLS,4550,POLS,3550,0
POLS,4550,RHET,1020,0
POLS,4551,POLS,3550,0
POLS,4551,RHET,1020,0
POLS,4560,RHET,1020,0
POLS,4565,POLS,3510,0
POLS,4565,POLS,3550,0
POLS,4565,RHET,1020,0
POLS,4605,POLS,3620,0
POLS,4605,RHET,1020,0
POLS,4608,POLS,3620,0
POLS,4608,RHET,1020,0
POLS,4609,POLS,3620,0
POLS,4609,RHET,1020,0
POLS,4610,POLS,3620,0
POLS,4610,RHET,1020,0
POLS,4611,POLS,3620,0
POLS,4611,RHET,1020,0
POLS,4614,POLS,4611,0
POLS,4614,RHET,1020,0
POLS,4615,POLS,4611,0
POLS,4615,RHET,1020,0
POLS,4640,POLS,3620,0
POLS,4640,RHET,1020,0
POLS,5130,RHET,1020,0
POLS,5140,POLS,3620,0
POLS,5140,RHET,1020,0
POLS,5230,POLS,5201,0
POLS,5258,POLS,5201,0
POLS,5258,POLS,5202,0
POLS,5261,ECON,2021,0
POLS,5261,POLS,5202,0
POLS,5262,POLS,5202,0
PPAD,2099,RHET,1000,0
PPAD,5225,PPAD,5251,0
PPAD,5232,PPAD,5231,0
PSYC,3002,PSYC,1000,0
PSYC,3003,PSYC,1000,0
PSYC,3010,PSYC,1000,0
PSYC,3011,PSYC,1000,0
PSYC,3040,PSYC,1000,0
PSYC,3080,PSYC,2100,0
PSYC,3270,PSYC,1000,0
PSYC,3420,PSYC,1000,0
PSYC,3800,BIOL,1011,0
PSYC,3800,PSYC,1000,0
PSYC,4001,PSYC,2100,0
PSYC,4011,PSYC,1000,0
PSYC,4012,PSYC,1000,0
PSYC,4013,PSYC,1000,0
PSYC,4014,PSYC,3040,0
PSYC,4016,PSYC,1000,0
PSYC,4022,PSYC,3010,0
PSYC,4022,PSYC,3270,0
PSYC,4062,PSYC,3270,0
PSYC,4062,PSYC,3420,0
PSYC,4062,PSYC,3800,0
PSYC,4063,PSYC,1000,0
PSYC,4063,PSYC,3003,0
PSYC,4098,BIOL,1011,0
PSYC,4098,PSYC,3800,0
PSYC,4150,PSYC,1000,0
PSYC,4150,PSYC,2000,0
PSYC,4150,PSYC,2100,0
PSYC,5264,PSYC,5200,0
PSYC,5264,PSYC,5210,0
PSYC,5264,PSYC,5230,0
PSYC,5264,PSYC,5241,0
PSYC,5264,PSYC,5251,0
PSYC,5264,PSYC,5261,0
PSYC,5265,EDUC,5204,0
PSYC,5265,EDUC,5238,0
PSYC,5265,PSYC,5205,0
PSYC,5274,PSYC,5200,0
PSYC,5274,PSYC,5210,0
PSYC,5274,PSYC,5230,0
PSYC,5274,PSYC,5241,0
PSYC,5274,PSYC,5251,0
PSYC,5274,PSYC,5261,0
PSYC,5274,PSYC,5264,0
PSYC,5283,PSYC,5203,0
PSYC,5283,PSYC,5210,0
PSYC,5283,PSYC,5220,0
PSYC,5283,PSYC,5230,0
PSYC,5283,PSYC,5233,0
PSYC,5283,PSYC,5243,0
PSYC,5284,PSYC,5264,0
PSYC,5284,PSYC,5274,0
RCSS,5234,ECNG,3202,0
RCSS,5234,ECNG,4306,0
RCSS,5989,ENGR,5940,0
RHET,1020,CORE,1010,0
RHET,1020,RHET,1010,0
RHET,1100,RHET,1000,0
RHET,2010,RHET,1100,0
RHET,2099,RHET,1020,0
RHET,3099,RHET,1020,0
RHET,3110,RHET,1020,0
RHET,3120,RHET,1020,0
RHET,3130,RHET,1020,0
RHET,3140,RHET,1020,0
RHET,3150,RHET,1020,0
RHET,3160,RHET,1020,0
RHET,3210,RHET,1020,0
RHET,3220,RHET,1020,0
RHET,3230,RHET,1020,0
RHET,3240,RHET,1020,0
RHET,3250,RHET,1020,0
RHET,3310,RHET,1020,0
RHET,3320,RHET,1020,0
RHET,3330,RHET,1020,0
RHET,3340,RHET,1020,0
RHET,3350,RHET,1020,0
RHET,4060,RHET,1020,0
RHET,4160,RHET,1020,0
RHET,4260,RHET,1020,0
RHET,4270,RHET,1020,0
RHET,4280,RHET,1020,0
RHET,4360,RHET,1020,0
SCI,1015,SCI,1020,1
SCI,4005,SCI,2005,0
SOC,2005,RHET,2010,1
SOC,2099,RHET,1000,0
SOC,3010,PSYC,1000,0
SOC,3104,SOC,3102,0
SOC,3105,SOC,2101,0
SOC,3105,SOC,3103,0
SOC,4107,ANTH,3105,0
SOC,4107,SOC,3105,0
TEAL,5202,TEAL,5201,0
TEAL,5203,TEAL,5202,0
TEAL,5204,TEAL,5203,0
TEAL,5205,TEAL,5204,0
TEAL,5206,TEAL,5205,0
TEAL,5207,TEAL,5206,0
TEAL,5208,TEAL,5207,0
TEAL,5209,TEAL,5208,0
THTR,2099,RHET,1000,0
THTR,3201,THTR,2201,0
THTR,3203,THTR,3201,0
THTR,3205,THTR,3201,0
THTR,3207,THTR,2201,0
THTR,3207,THTR,2211,0
THTR,3211,THTR,2211,0
THTR,3301,THTR,2201,0
THTR,3301,THTR,2301,0
THTR,3401,THTR,1201,0
THTR,3401,THTR,2401,0
THTR,3501,THTR,230,0
THTR,3503,THTR,3501,0
THTR,3601,THTR,2401,0
THTR,3601,THTR,2601,0
THTR,4301,THTR,3301,0
THTR,4404,THTR,2401,0
THTR,4404,THTR,3401,0
THTR,4405,THTR,2401,0
THTR,4406,THTR,2401,0
THTR,4406,THTR,3401,0
THTR,4703,THTR,3301,0
THTR,4703,THTR,3401,0
THTR,4703,THTR,4103,0
TVDJ,5237,TVDJ,5241,0
TVDJ,5237,TVDJ,5242,1
TVDJ,5239,TVDJ,5237,0
TVDJ,5241,TVDJ,5237,0
TVDJ,5241,TVDJ,5242,1
TVDJ,5242,TVDJ,5237,1
TVDJ,5242,TVDJ,5241,0
TVDJ,5245,TVDJ,5237,0
TVDJ,5245,TVDJ,5241,0
TVDJ,5245,TVDJ,5242,0
TVDJ,5246,TVDJ,5245,0
